id_05171,Y,,"
ADICIONES Y CORRECCIONES 
á este primer Tomo.
Mi deseo de dar cada vez mayor perfección á esta Obra, en que no dexamos de trabajar continuamente, nos obliga á dar ahora enmendadas las erratas que hemos advertido, y las que son inevitables en la Imprenta; añadiendo al mismo tiempo las, noticias comunicadas por algunos curiosos que desean contribuir al bien público, como el Ilustrísimo Señor Don Juan Manuel Moscoso, Obispo del Cuzco: Don Joseph de Ugarte, Coronel de Milicias de la Provincia de Abancay: el M. R. P. Fr. Pedro González de Agueros, del Orden de San Francisco, Misionero Apostólico muchos años en el Archipiélago de Islas de Chiloé: el M. R. P. Ir. Francisco de Ajofriñ, Religioso Capuchino: Don Manuel del Campo, natural de la Ciudad de Cartago, y Don Joseph Lindo, que todos se hallan actualmente en esta Corte, á quienes confieso mi reconocimiento, y no es justo defraudar el que les debe el público por su zelo: y aunque nos consta que otros que pudieran hacer lo mismo, se han contentado con criticar algunos Artículos del primer Quaderno, y pudiéramos convencer á alguno del poco fundamento con que lo ha hecho, nos hemos propuesto no entrar en contextacion, y seguir lo ofrecido en el Prólogo, bastándonos para satisfacción, la buena acogida que ha tenido la Obra, así en todo el Reyno como en la América y Países extrangeros, y el juicio con que todas las personas sensatas se hacen cargo de las dificultades que tiene la empresa, para no esperar en sus principios aquella perfección que debe tener con el tiempo, mayormente considerando la falta de auxilios que hemos tenido, pues con el incendio del Palacio y Secretarías del Despacho el año de 1734, y la remisión que al cabo de algunos años se hace de los Papeles de los Tribunales al Archivo de Simancas, no queda el recurso que desearíamos, y se hace preciso mendigar noticias de los Curiosos, como nos ha sucedido para completar y corregir las series de los Obispos y Gobernadores no habiendo podido conseguirlo en los muchos Libros y Papeles que hemos reconocido, y esperamos lograr con las noticias que se nos comuniquen, como sucede ahora en el Obispado de Arequipa, y en los de Caracas y del Cuzco, que tuvimos á tiempo. "
id_05172,ABANCAI,,"
 ABANCAI
De debe notar en este Artículo, que el Puente de que se habla es de mimbres ó bejucos, con unas tablas encima, cuya explicación omitió Don Cosme Bueno, Cosmógrafo del Perú, en la descripción de esta Provincia, á quien hemos seguido: su jurisdicción consta de los 17 Pueblos siguientes: 
 La Capital.
Limatambo.
Ibin.
Huanicapa.
Mollepata.
Chachaypuc quio.
Curahuasi.
Pantipata.
Cachora.
Pibil.
Sumata.
Antilla.
Chonta.
Surite.
Anta.
Pocquiura.
Huaracondo.
"
id_05173,ABERCORN,,"
 ABERCORN. línea 4, donde dice Savannach, ha de decir Savannak."
id_05174,,,"
ACAPONETA.
Faltan los Pueblos de que se compone su jurisdicción; 
San Joseph.
Pescadores.
San Diego.
Picachos.
Zayula.
Quiviquinta.
Olita.
Cayman.
Tequalá.
Guainamota.
Aoyacán.
Milpillas.
 "
id_05175,F,,"
ACAYUCA. Faltan los Pueblos de esta Alcaldía, que son: 
Xocoteapa.
Zoconusco. Tenantitlán.
Macayapa.
Olutla.
Chinameca.
Menzapa.
Oteapa.
Cozolcaque.
Molocán.
Pochutla.
Ixhuatla.
Huimanquillo.
Ostitan.
Macatepeque. "
id_05176,S,,"
ACTOPAN. Su Jurisdicción consta de los Pueblos siguientes:
Tetitlán.
Izquintlapilco.
Lagunilla.
Yolo.
Magdalena.
Tecavic.
San Salvador.
San Gerónimo. 
San Miguel.
Tlachichilco.
Santa María.
Tornacustla.
Santa Bárbara.
"
id_05177, AGUA de Culebra),,"
 AGUA de Culebra) San Francisco Xavier, Pueblo de la Provincia y Gobierno de  Venezuela, reducción de Indios por los Padres Capuchinos de aquella Misión, donde también habitan algunos Españoles: pertenece al distrito y jurisdicción de la Ciudad de San Felipe, y en sus inmediaciones habita mucha gente en las haciendas que tiene, y produce con abundancia cacao, plátanos yucas y otros frutos."
id_05178," AGUARO, Caño de )",,"
 AGUARO, Caño de ) Rio de la Provincia y Gobierno de  Venezuela: entra en el Guarico, y es célebre por la abundancia de pesca, y particularmente de un pez llamado Pabon, que tiene una mancha circular en la cola de color azul y dorado, que parece un ojo, y se estima por el excelente gusto."
id_05179,AHORCADOS,,"
 AHORCADOS. Línea n dice Guasaquil, ha de decir Guayaquil,"
id_05180,AICAROPA,,"
 AICAROPA. Línea 3 dice Guaraná, ha de decir Guayana 
"
id_05181,AILES,,"
 AILES.
Línea 3 dice Lusiana, ha de decir Luisiana.
"
id_05182,,,"
AIMARAEZ
Faltan los Pueblos de su jurisdicción, que son: 
Chaluanca.
Coica.
Mollebamba. 
Carabamba.
Matara.
Antabamba.
Oropesa.
Totora.
Traparo.
Chacoche
Caleauzo.
Viri.
Pampamarca.
Silco.
Atuncama.
Chacna.
Capaya.
Muctá.
Pachaconas.
Ayahuasa.
Huancaray.
Sabaino.
Catarosí.
Antilla.
Huaquirca, 
Pocoanca.
Tapairihua, 
Chalvani.
Caypi.
Caracara.
Sañaica.
Huaillaripa.
Pichihua.
Arnoca.
Yanaca, 
Saraico.
Subyunca.
Lucre.
Sirca.
Pichurhua.
Colcabamba. 
Soraya.
Huairahuacho. 
Toraya.
Chuquinga.
Ancobamba.
Parnpayacta.
Chapimarca.
Lambrama. 
Pairaca. "
id_05183,AKANCEAS,,"
 AKANCEAS. Linea 2 dice de América, ha decir de la América "
id_05184,ALIPES,,"
 ALIPES. Rio pequeño de la Provincia y Gobierno de  Maracaibo, nace en las montañas cerca de la Villa de San Cristo val, y entra en el rio Caparo de la jurisdicción de Pedraza."
id_05185,ALMAGRO,,"
 ALMAGRO. Línea 7 dice Chincha, ha de decir de Chincha 
"
id_05186,ALOJAMIENTO,,"
 ALOJAMIENTO. Línea 3 dice Copiapo, ha de decir Copiapo, 
"
id_05187,ALTA,,"
 ALTA. Laguna de la Provincia de Venezuela, y no de Barcelona, como se dice allí. "
id_05188,ALTAGRACIA,,"
 ALTAGRACIA. Pueblo de la Provincia y Gobierno de  Guayana,que hoy está separada de la de Cumaná."
id_05189,H,,"
 Hay otro Pueblo de este nombre en la Provincia y Gobierno de  Venezuela, en la jurisdicción de la Ciudad de San Sebastian y valle de Orituco, en cuyo distrito hay varias haciendas de cacao, que se tiene por el mas selecto, y diferentes ingenios de azúcar á una y otra parte del rio Orituco."
id_05190,ALTAMIRA,,"
 ALTAMIRA. Línea 5 dice fundada, ha de decir fundado."
id_05191,O,,"
 Otro Pueblo hay del mismo nombre en la Provincia y Gobierno de  Venezuela, uno de los que tienen á su cargo los Padres Misioneros Capuchinos, donde hay muchos hatos de ganado mayor."
id_05192,ALTAR,,"
 ALTAR. Otro Pueblo hay de este nombre en la Provincia y Gobierno de  Venezuela, reducción de Indios por los Padres Capuchinos, en la jurisdicción de la VIUa de San Carlos, cerca del rio Cojade."
id_05193,ATLO,,"
 ATLO, ha de decir ALTO."
id_05194, ALTOS de San Pedro ),,"
 ALTOS de San Pedro ) Cerros ó montes muy altos de la Provincia de Venezuela, cerca de la Ciudad de Caracas, muy poblados de Españoles, por donde pasa el camino que atraviesa la Provincia para diferentes partes de ella."
id_05195,ALTOTONGA,,"
 ALTOTONGA. Línea 12 dice Altotonca, ha de decir Ahotonga. Línea 16 donde dice saudades, ha de decir calidades."
id_05196,ALUA,,"
 ALUA. Línea 2 dice Laracota 5 ha de decir Lakacota. "
id_05197,AMARUMAYU,,"
 AMARUMAYU. dice 13 grad. 30, ha de decir 13 grad. 30 minut. 4 grad. 36, ha de decir 4 grad. 36 minut. "
id_05198,AMATITLAN,,"
 AMATITLAN. Donde dice, y se experimentó el año de 1780, añádase como consta de la justificación y relación impresa que remitió el Virey interino de Nueva España Don Martin de Mayorga, y se pasó de orden del Rey al Tribunal del Proto-Medicato de esta Corte, Línea 36 dice Mahualtan, ha de decir Mahuatlán 
"
id_05199,AMBATO,,"
 AMBATO. Línea 24 dice de. ellas, ha de decir de ella."
id_05200,AMERICA,,"
 AMERICA. Línea 22 dice Itimo, ha de decir Itsmo. Fol. 71. lín. 36 dice Xamstchasa, ha de decir Kamatchaca "
id_05201,L,,"
AMOLA. Línea 16 dice Zavila, ha de decir Zayula faltan los Pueblos de su jurisdicción, que son: 
Tuzcacuezco.
Mazatlán.
San Gabriel.
Ayotitlán.
Cuzalapa.
Tonaya.
Tetepam.
Xíquilpa.
Chacala.
San Juan.
Chachichilco.
Toliman.
 "
id_05202,AMSTERDAM,,"
 AMSTERDAM.
Fol. 83 col. 2 lín. 6 dice temblado, ha de decir templado. "
id_05203,F,,"
 Fol. 86 col. 1 lín. 36 dice Tepequana, ha de decir Tepeguana. "
id_05204,I,,"
 Id. col. 2 lín. 18 un quarto, añádase de legua. "
id_05205,F,,"
 Fol. 87 col. 1 lín. 22 dice mas cerca, ha de decir muy cerca.
Id. añade: Otro en la parte del N de la Isla Margarita de Indios .Guayqueries, libertados por el Rey de toda contribución, que se exercitan en la pesca, y en los años abundantes de lluvias cogen mucho maiz; fabrican sombreros de paja muy finos, y cuerdas de lo mismo, que emplean en los aparejos de sus lanchas y otros usos. "
id_05206,I,,"
 Id. col. x lín. 41 dice escarceos, ha de decir escarceos. "
id_05207,ANAUX,,"
 ANAUX. Añade: Rio de la Provincia y Gobierno de  Venezuela, uno de los quatro que abastecen de agua la Ciudad de Caracas: nace en la Serranía que media entre esta Ciudad y el Puerto de Guaira: corre al S, y entra en el de Guaire, cerca de la Capital. Fol. 91 col. 2 lín. 25 dice Gualabquen, ha de decir Quadalabquen."
id_05208,F,,"
ANDAHUAILAS. Faltan los Pueblos de su jurisdicción, y son: 
La Capital.
Cascabamba.
Maray 
San Gerónimo.
Uripa.
Ocobamba. 
Talavera.
Calabamba.
Piscobamba.
Chincheros.
Cocharcas.
San Juan Evangelista.
Catara.
Tarpo.
Huncamarca.
Cheara.
Pomacocha.
Chacrapampa.
Cachi.
Pampachiri.
Ongoy.
Huayama.
Chulisana.
Huancaray.
Ucchubamba.
Unamarca.
Andarapa.
Uracmarca.
"
id_05209,,,"
ANDALUCIA.
Fol, 95 col. 2 lín. 13 dice Pinion, ha de decir Pinzon 
"
id_05210,F,,"
ANGARAES. Faltan los Pueblos de esta jurisdicción: 
San Antonio.
San Sebastian.
Santa Ana.
Santa Barbara.
Acobamba, 
Acoria.
Conaica.
Lircay.
Julcamarca.
Antarpanca.
Huaiilas.
Huáncahuanca .
Congallo.
San Cristóval.
Asunción.
Sacsamarca.
Huailazuchu.
Chacllatacana.
Pata.
Cuenca.
Huando.
Moya.
Palca.
Vilcabamba.
Añancusi.
Incahuasi.
Pallalla.
Acobambilla.
Chacapa.
Callanmarca.
Iscuchaca.
Achonga.
Espíritu Caja.
Todos Santos.
Andabamba.
Paucara.
Xlillinca.
Vechuilluiaillas
Huachocollpa."
id_05211,ANGELES,," ANGELES. En la Serie de los Obispos se ha de corregir.
Don Fray Martin Sarmiento murió en 1 5 5 8, ha de decir en 1557.
Don Antonio Ruiz de Morales y Medina, ha de decir y Molina.
Don Diego Romana, electo el año de 1577, ha de decir el año de 1578, murió en 1606.
Don Alonso de la Mota, dice electo el año de 161 6, y ha de decir de 1608.
Falta Don Juan de Santo Matía Saenz de Mañosea, Obispo de Cuba, promovido á éste de la Puebla, pero murió antes de tomar posesión.
Don Manuel Fernandez de Santa Cruz, ha de decir, presentado para éste el año de 1656; no admitió el Arzobispado de México á que fue promovido, ni el Vireynato, murió el año de 1699. r 
Falta Don Fray Ignacio de Urbina, del Orden de San Gerónimo, Arzobispo de Santa Fe en el Nuevo Reyno de Granada, fué presentado antes para éste el año de 1702, y lo renunció.
Don Garcia de Legaspi Altamirano, dice primer Obispo, léase, primero, Obispo, promovido el año de 1703, tomó posesión el siguiente, y murió d poco tiempo. Don Juan Antonio Lardizabal no admitió el Arzobispado de México d que fué promovido, y murió el año de 1733. Don Benito Crespo, dice promovido el año de 1 73 y, y ha de decir de 1734. 
Don Pedro González, añade García, natural de Tordelaguna; se mantuvo tres años y medio en el Puerto de Santa María sin atreverse d embarcar por la guerra, y fué promovido al Obispado de Avila, en España el añO de 1743.
Don Francisco Xavier Fabián y Fuero, natural de Terraza, ha de decir Terzaga 
"
id_05212,SAN,,"
 SAN ANTONIO. Se ha de añadir: Otro, que es Parroquia de la antigua Barinas, situado en la Serranía y mesa de Moromoy, donde estuvo aquella Ciudad: en su distrito hay algunas haciendas cortas de cacao y caña dulce, y algunos establecimientos modernos, muy ricos de añil."
id_05213,O,,"
 Otro, con el aditamento de las Cocuisas, en la Provincia de Barinas, situado á la inmediación del rio Apure; en su distrito se cria mucho ganado mayor."
id_05214,O,,"
 Otro, con el aditamento de los Altos, situado en la inmediación de la Ciudad de Caracas; sus montes abundan de exquisitas maderas, y de maiz."
id_05215,,,"
APOLABAMBA. tan los Pueblos de esta jurisdicción: 
San Juan de Sahagun.
S. Juan de Buenavista.
Santa Cruz del Valle ameno.
Concepción de Apolabamba.
San Antonio de Aten.
San Joseph de Uchupiamonas.
Trinidad de Iariapu.
San Antonio de Isllamas.
"
id_05216,APURE,,"
 APURE. Añade: Por la parte del N recibe, ademas de los rios nombrados los de Caparo, Suripá, Canagua, Paguei, Caño de Guachiquin y Yuca; y por la parte del S el Guaritico, caño de los setenta, y otros de poca consideración como el Martiyure: en el sitio que llaman la Horqueta de Apure, frente del Pueblo de San Antonio de Cocuisas, y por la parte del S rompe este lio un brazo, que llaman Apunto, por el qual descarga como una quarta parte de sus aguas, y separándose mucho de la madre, atraviesa gran parte de aquellos llanos, unas veces por un cauce, y otras dividido en varios ramos que forman muchas Islas, y volviéndolos á recoger recibe las aguas del de Arauca, que baxa de los llanos de Cazanare y entra en el Orinoco: el cuerpo principal de Apure sigue su curso, y después de recibir el de la Portuguesa, separa un brazo á la parte del N, que va á unirse con el Guarico en la Provincia de Venezuela, siguiendo á desaguar en el Orinoco: no tuvieron los Regulares de la Compañía Pueblo alguno de Misiones á la orilla de este rio, como se dice en su artículo, porque estaban muy distantes los que fundaron. Fol. 138 col. 1 lín. 13 dice est, ha de decir esta."
id_05217,ARACA,,"
 ARACA. Línea 3 dice Sicasica, ha de decir Cicasica."
id_05218,ARAGUA,4000370," ARAGUA. Añade: Unos valles de este nombre en la Provincia y Gobierno de  Venezuela, donde hay situados cinco Pueblos de Españoles y algunos Indios, llamados la Victoria, S. Mateo, Cagua, Turmero y Maracay, cerca de la laguna de Valencia, en cuyos distritos hay muchas haciendas de añil é ingenios de azúcar, y abundancia de tabaco con que abastecen las Administraciones Reales del Partido."
id_05219,ARAGUITA,,"
 ARAGUITA. Pueblo de la Provincia y Gobierno de  Venezuela, en cuyo distrito hay muy buenas haciendas de cacao; pertenece al Curato y Parroquia de Caucagua."
id_05220,D,,"
AREQUIPA. Donde dice mas de 1700 botijas, ha de decir 5000 de á 22 frascos cada una, en los valles de Arequipa, Moquegua, Locumba, Víctor, Tacar, Siguas, Mages, etc Fol. 149 col. 1 lin. 18 dice Moguegua, ha de decir Moquegua. Se ha de añadir: que las lluvias solo son en los meses de Diciembre, Enero y Febrero: los once Pueblos están en sus inmediaciones ó arrabales, y son: 
Chihuata.
Yanahuaya.
Characoto.
Caima.
Paucarpata.
Valle de Víctor 
Tiabuya.
Valle de Jambo.
En la serie de los Obispos, después de Don Juan de Otaíora, añade: no pasó á su Obispado, y en su lugar se nombró á 
Don Fray Juan de Arguelles, Religioso Agustino, promovido del Obispado de Panamá; murió electo do Arequipa antes de tomar posesión.
Don Juan Cabero y Toledo, natural de Truxillo en América, Catedrático en la Universidad de San Marcos de Lima, Canónigo Penitenciario de su Santa Iglesia, Obispo de Santa Cruz de la Sierra, promovido á Arequipa el año de 1624, y gobernó 17 años hasta el de 1 64 1.
Don Juan González Melgarejo, añade, fué Obispo de Santiago de Chile, promovido á Arequipa. .
Don Jacinto Aguado, etc. añade, fué Canónigo Penitenciario de Cádiz, Obispo de Cartagena de Indias, promovido á Arequipa.
Don Fray Miguel de Pamplona, etc. después añade.
Don Pedro Chaves de la Rosa, Canónigo Lectoral de Córdoba, electo Obispo de Arequipa por renuncia del anterior el año de 1786. Ha padecido esta Ciudad un terremoto que arruinó la mayor parte de sus edificios y templos eL año de 1785; pero se reedificaron con mucha brevedad. Entre las personas ilustres que ha producido se deben añadir: 
El Doctor Don Pedro Durana, Arcediano de su Santa Iglesia, Obispo electo del Paraguay.
Don Juan Bautista de Taborga, Dean de su Iglesia, Obispo electo de Panamá.
Don Fray Joseph Palavicino, Religioso del Orden de San Francisco, Obispo del Paraguay y de Truxilio.
Don Francisco Joseph de Maran, Canónigo Magistral del 
Cuzco, Obispo actual de la Concepción de Chile. Don Fernando Pérez de Oblitas, Tesorero de la Iglesia 
del Cuzco, Obispo del Paraguay y de Santa Cruz de 
la Sierra. Don Juan Manuel Moscoso y Peralta, Arcediano de la Santa Iglesia de su patria, Obispo Auxiliar de ella, titulado de Adricómi, promovido al Tucuman y de allí al Cuzco.
Don Clemente Durana, Oidor de Chuquisaca.
Don Matías de Peralta, Oidor de la Real Audiencia de 
México, y Capitán General interino de aquel Reyno. Don Agustín Butrón y Muxica, sugeto de sobresaliente literatura, 
"
id_05221,L,,"
ARICA. Línea dice aázcar, ha de decir azúcar.
Faltan los Pueblos de esta jurisdicción.
La Capital.
Caplira.
Matilla.
Camsana.
Satoca.
Mininuni, 
Pachica.
Sacsama.
Putre.
Sora.
Tarata.
Maure.
Locumba.
Tacna.
Toquella.
Huatacondo.
Mamina.
Mocha.
Pisagua.
Esquinal.
Belen.
Parinacota.
Poconchile, 
Ticaco.
Sama.
Ylo.
Pachia.
Estique.
Tarapaca.
Yqueique.
Pachica.
Sipisá.
Tamár.
Pachania.
Choquelimpe.
Libilca.
Chaspaya.
Ylabaya.
Pallagua, 
Pica.
Huaviña.
Cibaya.
Camina.
Copta.
Tignabuar.
Socoroma.
Huayaquirú 
Umagata.
Tarucachi, 
Ganda rahe. 
"
id_05222,ARJONA,,"
 ARJONA
Línea 7 dice Don Francisco Díaz Pimienta, ha de decir, Don Juan Pimienta "
id_05223,AROA,,"
 AROA Este rio no desemboca al mar en la Ensenada de la Burburata como se díce sino después de ésta frente de unos Islotes que llaman los Cayos de San Juan al S de la Punta de Tucaca: se forma de las vertientes de la Serranía de las Ciudades de San Felipe y de Barquisimeto: . corre fertilizando un gran Valle en que hay un Pueblo, y muy buenas haciendas de cacao."
id_05224,ARUCARA,,"
 ARUCARA.
Línea 4 dice situado, ha de decir situada. 
"
id_05225,,,"
ASANGARO.
Faltan los nombres de los 1.5 Pueblos de esta jurisdicción, 
La Capital, 
Asillo.
Cominaca.
Muñani.
Santiago de Papuja, 
Achaya.
Putina.
Chupa.
Ananea.
Poto.
Betanzos 
Arapa.
Taraco.
Saman, 
Pusi. "
id_05226,ASCENSION,,"
 ASCENSION. Se llama Asunción, con cuyo título tiene por Patrona á la Virgen: fué invadida esta Ciudad en la guerra con los Franceses á fin del siglo pasado, que destruyeron é incendiaron el. Hospital y Ermita de Santa Lucía, de que solo existían las paredes hasta el año de 1762: tiene contigua al Convento de San Francisco una Capilla con título de nuestra Señora de la Soledad, y las dos Ermitas de que se habla tienen los de nuestra Señora de la Consolación y de San Pedro Mártyr, renovada últimamente. "
id_05227,F,,"
 Fol. 163 col. 2 lín. 35 dice est, ha de decir está 
"
id_05228,L,9000006,"
ASUNCION. Línea 29 dice se encendió, ha de decir se incendio "
id_05229,L,,"
ATACAMA, Los Pueblos de esta Provincia son 
Toconao.
Antofagasta.
Calaraa.
Soncor.
Chiuchiu, 
Cobixa.
Socaire, 
Hiquiná 
Peine. Caspana, 
"
id_05230,L,,"
 Línea 4 dice salta, ha de decir Salta, "
id_05231,F,,"
 Fol. 176 col, 2 lín. 4 dice algodón: sus naturales etc. está demás el punto, "
id_05232,L,,"
ATRISCO. Los Pueblos de esta jurisdiccion 
Zoyatlitlánapa.
Tianguismanalco.
Guaquechula.
Amecaque.
San Andrés ds Calpa.
Zacapala.
Tecolotlán.
Zoyatlán.
Milpa.
"
id_05233,A,,"
 A U I L A. Tiene el mismo nombre un monte de la Serranía que media entre la Ciudad de Caracas y el Puerto de la Guaira, que sirva de. gobierno á los navegantes para reconocer el Puerto, por descubrirse de mucha distancia: los marineros lo llaman la Ensillada de Caracas por una especie de hendidura que hace."
id_05234,AZEQUIAS,,"
 AZEQUIAS. Línea 7 dice Turmias, ha de decir Turmas, 
"
id_05235,A,,"
 A U T L A N. Consta su jurisdicción de los Pueblos siguientes: 
Zuchitlán. 
Tepantla.
Exutla. 
Tenamaztlá.
Ayutla.
Yxtlahuacá.
Atengo.
Ameca. 
"
id_05236,BACUACHI,,"
 BACUACHI.
Línea 6 dice del antecedente de Banacuchi, debe quitarse 
antecedente, 
"
id_05237,BADILLO,,"
 BADILLO. Línea 4 dice del de la Magdalena, ha de decir del rio de la, Magdalena."
id_05238,BAGNALS,,"
 BAGNALS. Línea 4 dice Carlile, ha de decir Carlish 
"
id_05239,BAHAMA,,"
 BAHAMA. Línea 1 dice Islas, ha de decir Islas 
"
id_05240,BANAICHI,,"
 BANAICHI.
Línea 5 dice á la orilla de este nombre, ha de decir a la orilla de un rio de este nombre 
Línea 14 dice de la Plata.
 "
id_05241,BARADERO,,"
 BARADERO.
poco distante del rio, se ha de añadir 
 "
id_05242,,56000050,"
BARBACOAS.
Línea 19 dice de un genio singular, ha de decir de un ingenio singular. Id. col. 2. lín. 18. dice Caroa, ha de decir Car ora. "
id_05243,BARBADA,,"
 BARBADA. Los nombres de las 11 Parroquias 6 Bailiages de esta Isla son al N, Santa Lucía, San Pedro y San Andrés: al Mediodía San Miguel, Christo y San Felipe; y al centro, Santiago, Santo Tomas, San Joseph, San Jorge y San Juan, que todas están repartidas en 5 distritos 6 jurisdicciones llamadas 1 Bridgetown: 2 Hole: 3 Speight: 4 Escocia, y 5 Oistin, "
id_05244,P,,"
BARCA.
Los Pueblos de la jurisdicción son: 
San Pedro.
Atotonilco.
Totán.
Ocatlán.
Zapotlán.
San Luis 
Ponzitlán.
Quiseo.
Sula.
 "
id_05245,D,40000330,"
BARCELONA. Donde dice que su distrito contiene 18 Pueblos se ha de corregir 32, con las tres Villas de la Capital, Aragua y Concepción de Pao, de los quales hay 1 5 de Doctrina y 17 de Misiones ó reducciones de Indios, que son, 
Pozuelos.
San Bernardino.
Pilar.
San Miguel.
Piritu, 
Tocuyo.
Clarines.
San Francisco.
San Pablo.
Caigua.
San Lorenzo.
Purey, 
 Y los de Misiones: 
Quiamarev 
Margarita.
Santa Rosa.
Cary.
Chamariapa.
Alapirire.
Candelaria.
Santa Clara.
Cachipo.
Micures.
Platanar.
Arivi.
Santa Ana.
Santa Bárbara.
San Joaquín 
Guazaiparo.
Unare. "
id_05246,T,40000008,"
BARINAS. Tuvo esta Ciudad al principio el nombre de Altamtra de Cáceres por el Gobernador Francisco de Cáceres, de cuya orden la fundó Juan Várela, en la cima de una sierra que le servia de muralla, franqueando solo entrada por dos partes, una para salir á los Llanos al SE, otra por el NO que facilitaba la comunicación con as Ciudades de Mérida y Truxillo: al cabo de algunos años que se retiraron los Indios infieles de su territorio, mudaron los vecinos la población á la parte del S del rio de Santo Domingo, en una mesa espaciosa que llaman de Moromy, llamándola desde entonces Barinas, nombre que tenia aquel territorio: allí permaneció hasta el año de 1646 9 que habiendo pacificado á los Indios que quedaban, establecido diferentes haciendas, y fundado varios Pueblos los Religiosos de Santo Domingo, auxiliados de una escolta de tropa, y descubierto el Capitán Miguel de Ochagavia, natural de esta Ciudad el año de 1634, la navegación de los ríos Apure y Orinoco, hasta la Guayana é Isla de la Trinidad; como por librarse de las plagas de culebras venenosas, hormigas, mosquitos y otros insectos, determinó el vecindario trasladarla á terreno llano, como lo executáron con permiso del Virey de Santa Ee Don Joseph de Solis el año de 1752, en un dilatado prado de sano clima, ayres puros y cielo alegre, á distancia de un quarto de legua del rio de Santo Domingo, que corre al N de la Ciudad, aprobando el Rey esta translación en Cédula de 1760; habia en la Ciudad antigua un Hospicio de Religiosos de San Agustín, que se suprimió el año de 1776, y dos Ermitas llamadas el Calvario y San Pedro, que arruinó un temblor el año de 1740: hoy solo tiene ademas de la Iglesia Parroquial, una Ermita coa la advocación de Santa Bárbara, y permiso para edificar otra con la de nuestra Señora del Carmen: el año pasado de 1786 se dignó el Rey erigirla en Provincia y Gobierno separado independiente del de Maracaibo, sujeta á la Intendencia y Capitanía General de Venezuela, y en lo Eclesiástico al Obispado nuevamente erigido en Mérida: abunda su distrito de ganado vacuno, mular y caballar; como de azúcar, tabaco, algodón y algún cacao; y de poco tiempo á esta parte se han hecho ricos establecimientos de añil, muy estimados en todas partes por su calidad: las Misiones que tiene han pertenecido siempre á los Religiosos de Santo Domingo de la Provincia de Santa Fe, y no á los Padres Capuchinos, como se dice en el Artículo de esta Ciudad."
id_05247,BARRANCAS,,"
 BARRANCAS, Nuestra Señora de Chiquinquirá de las ) Pueblo de la Provincia y Gobierno de  Barinas, situado á orilla de una quebrada que le da nombre, entre los rios Yuca y Masparro: en su distrito hay muchas tierras de labor y bosques que abundan en cedros y otras. maderas estimadas, algunas, haciendas de cacao, añil y cañas dulces, y sobre todo tabaco, á cuyo cultivo son muy inclinados."
id_05248,O,,"
 Otro Pueblo hay del mismo nombre con la advocación de San Joseph en la Provincia de Venezuela, situado á orilla del rio Tiznado."
id_05249,BARUTA,,"
 BARUTA. Pueblo de la Provincia y Gobierno de  Venezuela, célebre por las ricas minas de oro que tiene, y han dado mucha riqueza, pero hoy están arruinadas: dista 3 leguas de Caracas.

 BATAUANO, y no Batavano, 
 BATCHOUEN.
Linea 6 dice Genieveve, ha de decir Genovtéve 

 BEATA.
Línea 6 dice 300 4, ha de decir 300 gr. 4 min., Id. dice 17 30, ha de decu 1 y gr. 30 min, Tol. 228 col. 2 lk. 23 dice Westchestes, ha de decir Westchester 

 BETAS. linea 23 dice Copiapo, ha de decir Copiapó. 

 BETE O. Línea 6 dice Apute, ha de decir Apure, 

 BETOIES.
Línea 7 dice 17 7, ha de decir 1717. 

 BEUER, Línea 5 dice Genieveve, ha de decir Genovtéve 

 BEXAR.
linea 13 dice 30 5, ha de decir 30 gr, y 5 min 
 BEZANI. Línea 6 dice Primeria, ha de decir Pimeria, 

 BICHADAS. Col. 2 lín. 3 dice Thesbast, ha de decir Teobast 

 BLANCA. Col. 2 lín. 3 5 dice Reyeo, ha de decir Reyno, 

 BLANCHE Col. 1 fol. 243 lín. 9 dice Osiviego, ha de decir Osvvego, Fol. 245 col. 1 lín. 11 dice lat. 9 20, ha de decir 9 gr, 20. min, 
 BOCONO. Añade: Tiene la advocación de San Genaro: fué fundado por los Padres Capuchinos de la Provincia de Venezuela en el camino real que va de la Ciudad de Guanare á la de Barinas. 
 El rio de este nombre, después de salir de la estrechura en que corre dentro de la Serranía, empieza 3 servir de línea de demarcación á las Provincias de Barinas y Venezuela, y saliendo á tierra llana donde riega varias haciendas de rarao, añil y cañas dulces establecidas en sus fértiles Vegas, entra en el de Guanare cerca del Pueblo de San Juan Bautista del Mijagual de la Provincia de Barinas, desde donde toma éste la división de las referidas Provincias que tenia el otro, hasta que tributando sus aguas al de la Portuguesa, le sobs tituye éste, y sucesivamente el de Apure quando Id recibe hasta entrar en el Orinoco.
 BOGOTA, ha de decir BOGOTA.
 BONAIRE. Línea 9 dice muy grande, ha de decir muy grandes. Línea 2 7 dice 308 40, ha de decir 308 gr. 40. min, lat. 1 2 bórrese, 

 BONZA. Línea 10 dice Bogota, ha de decir Bogotá. 
 BOQUERON.
Línea 4 dice ó Panamá, ha de decir Panamá 
 BOS 
últ. dice el extremo, ha de decir Fol. 2j6 col. 1 lín. en el extremo 
 
 BRAMADOR.
Línea 5 dice Copiapo, ha de decir Copiapo, 

 BRASIL. Fol. 265 en la serie de los Arzobispos, añade:
Don Luis Alz de Figueredo, el año de 1725.
Don Joseph Fialho.
Don Joseph Botelío de Matos.
Don Joaquín Borges de Figueroa.
Don Antonio Correa.
Fol. 272 en la serie de los Vireyes y Capitanes Generales, añade: 
Don Andrés de Mello y Castro, Conde de Galveas.
El Conde de Atoguia.
El Conde de los Arcos.
El Marques de Labradío, Padre.
El Conde de Bobadela, que murió antes de llegar á tomar posesión.
El Conde de Asambuja.
El Marques de Labradío, hijo último de los que tuvieron título de Virey.
El Conde de Povolide, que fué el primero que con el título de Gobernador y Capitán General se estableció en el rio Geneiro.
Don Manuel de Acuña Meneses.
El Marques de Valencia.
Don Rodrigo Joseph de Meneses.
 BUCARANAO.
Línea 3 dice fortificado, ha da decir fortificada. 
 BUENAUISTA.
Fol, 280 col, 1 lín. 7 dice lo traslado, ha de decir la trasladó.
BUENOS-AIRES, Fol. 282 col. 2 lín. 14 dice Obispo sufragáneo de Lima, 
ha de decir del Arzobispado de Charcas. Fol. 283 en el Catálogo de los Obispos, Don Cristoval 
de Arreiti etc. dice Azád, ha de decir Abad., Fol. 287. Don Francisco Bucareli etc. dice extrañamiento, ha de decir el extrañamiento.

 BUFELE, ha de decir BUFFLE.
 BURGO. Línea 13 dice Essequeve, ha de decir Esquivo 

 BURITICA. Línea 8 dice Juan Padillo, ha de decir Juan Badillo.
 BURLINGTON. Fol. 291 col. 2 lín. 13 dice Selém, ha de decir Salém.
 BUSH Fol. 292 col. 2 lín. 6 dice Chesapeach, ha de decir Chesapeack, 

 CABELLO.
Línea 8 dice que van á cargar en el sebo, ha de decir que van a cargar en el, sebo.
 CABIERES.
Línea 4 dice Tunca, ha de decir Yuncas. 
 CACAGUAN. Línea 4 dice del Nuevo Reyno, añade de Granada 

 CACHIRI. Línea 2 dice Ocapoco, ha de decir Oyapoco.

 CAGUAN.
Línea 15 dice Moradoros, ha de decir Moradores, 

 CAHOQUI. Línea 5 dice Missisipi, ha de decir del Missisipi.
 CAIENA.
Fol. 306 col. 1. lín. 3 dice que habitan de Judíos, ha de decir los Judíos 

 CALAMAR.
Línea 3 dice Lusya, ha de decir Luya 

 CALIDONIA.
Línea 3 dice Darcen, ha de decir Darien.
 CALIFORNIA.
Fol. 318 col. 1 lín. 37 dice que lo permite, ha de decir que lo que permite.
 CALUO.
Línea 3 dice Fernambuco, ha de decir Pernambuco.
 
 CANA. Línea 5 dice Jaque á Santiago, ha de decir Jaque 6 San- 

 CANADA.
Fol. 333 col. 1 lín. 38 dice Mussisipi, ha de decir Missisipi. 
 Id. col. 2 lín. 11 lo mismo.
CAÑETE.
Los Pueblos de esta Provincia son: 
Cañete.
Chuca.
Calango.
Chincha.
San Pedro de Almagro. 
Tacarán.
Mala. 
Lunaguana. 
Zuñiga. 
 Fol. 365 dice Don Francisco Solano, ha de decir Don Joseph Solano y Bote. 

 CARAIBAMBA. Línea 3 dice Almaraez, ha de decir Aimaraez y 

 CARAPATO.
Línea 6 dice Chuquavo, ha de decir Chuquiavo 

 CARIACO.
Fol. 375 col. 1 lín. 32 dice en tiempo invierno, ha de decir de invierno, 
 CAROPA, ha de decir CARORA.
CARTAGENA.
Fol. 388 en el Catálogo de los Pueblos de esta Provincia col. 2 dice Timirignaco, lia de decir Timiriguaco.
Fol. 398 en el Catálogo de los Obispos Don Bernardo de Arbiza, dice natural de Lima, ha de decir del Cuzco.
Fol. 399 Don Blas Sobrino etc., dice al Arzobispado de Quito, ha de decir al Obispado de Quito.
Fol. 422 col. 1 lín. 31 dice Higney, ha de decir Higuey.
 CATARACUI.
Línea 6 dice Quuevec, ha de decir Quevéc.

 CERMEN Fol. 441 col. 2 lín. 5 dice Agna Culebras, ha de decir Agua Culebras. 

 CESARES. Línea 10 dice do Magallanes, ha de decir de Magallanes, 

 CHAHUALTEPEQUE.
Línea 4 dice Mexilcaltzinge, ha de decir Mexilcaltzingo. .... CHAL- 

 CHALCO
Línea 1 dice Fiamanalco, ha de decir Tlamanalco 

 CHAMBIRA. línea 9 dice Pastara, ha de decir Pastaza. CHANCAY Fol. 464 col. 2 lín. 10 dice algunos, ha de decir algunas.
 CHANUI. Fol. 467 col. 1 lín. 1 dice GuafTaga, ha de decir Guallaga.
CHARCAS. Provincia dilatada del Reyno del Perú compuesta de otras varias, cuya jurisdicción comprehende el distrito de esta Real Audiencia, que empieza en Vilcanota del Corregimiento de Lampa y Obispado del Cuzco, y llega hasta Buenos-Ayres por la parte del Sur: confina por el Oriente con el Brasil, sirviéndole de términos el Meridiano de demarcación, y por el Occidente llega hasta la mar del Sur por el Corregimiento de Atacama, que es de su distrito, y lo mas Septentrional. de ella por aquella parte, y en lo restante confina con el Reyno de Chile: tiene de largo 300 leguas desde 20 hasta 28 gr. de lat. aust.: en muchos parajes está poco poblada, y tiene dilatados desiertos que la interrumpen, y montañas asperísimas é impenetrables, y de otra parte las elevadas cordilleras de los Andes, y las espaciosas llanuras ó Pampas que median entre sus distancias: el temperamento de toda ella es sumamente frío, aunque no le faltan parajes donde es templado: quando la poseían los Indios antes de la entrada de los Españoles, se comprehendian baxo el nombre de Charcas muchas Provincias muy pobladas, cuya conquista empezó Capác Yupanqui, V. Emperador; pero no pudo pasar del territorio de los Indios Tutiras y del Chaqui, donde puso término y dio fin á sus conquistas por la parte del Collasuyo, hasta que después de su muerte habiendo subido al trono su hijo Inca Roca, VI. Emperador, continuó éste conquistando por aquella misma parte, y se hizo reconocer Señor de todas las naciones que mediaban hasta la de Chuquisaca, en que se fundó después la Ciudad de este nombre llamada también la Plata: después que los Españoles reduxéron la parte del Perú que hay desde Tumbez hasta el Cuzco, y que cesaron las guerras civiles y disensiones que hubo entre ellos, quisieron seguir la empresa sujetando las naciones mas retiradas, á cuyo fin salid del Cuzco el año de 1538 Gonzalo Pizarra con mucha gente, y encaminándose á los Charcas y á los Carangues, encontró en ellos tanta oposición, que después de diferentes batallas le costó no poca dificultad el vencerlos, y mucho mas á los Chuquisacas que sobstu vieron su libertad valerosamente en muchos reencuentros, y al fin lo extrecháron de modo, que á no haber recibido un fuerte socorro que le envió del Cuzco su hermano el Marques Don Francisco Pizarro, hubiera perecido con todos los Españoles de su exército en aquel suceso, pero empeñado nuevamente con este auxilio, pudo desbaratar á los Indios, y obligarlos á rendir la cerviz al dominio Español; y el año siguiente de 1539 viendo el Marques Don Francisco Pizarro la importancia de establecerse allí, dispuso que se fundase una Villa, dando la comisión al Capitán Pedro Anzures, que lo executó en el mismo parage que estaba el Pueblo de Chuquisaca, donde se avecindaron muchos de sus Conquisdores, dándole el nombre de la Plata por unas minas de este metal que hay en el cerro de Porco, poco distante de ella, de las quales sacaron mucha riqueza los Emperadores Incas; pero siempre ha conservado el primitivo nombre de Chuquisaca, mal pronunciado de los Españoles, y por los Indios con propiedad Choquezaca, Choquechaca ó Choquisacha, que de todos modos la pronuncian, y significa del primero montes de oro: del segundo cunchos de oro ó matorrales que dan unas varas amarillas, y del tercero puentes de oro: aunque esta dilatada Provincia se compone de otras varias, de que daremos razón en los Artículos que corresponde, conserva el nombre por ser la mas rica en minerales, siembras y ganados, como la mas poblada de Indios: rieganla muchos rios caudalosos, y toda compone un Arzobisla muchos rios caudalosos, y toda compone un Arzobispado que tiene por sufragáneos los Obispados de la Paz, Santa Cruz de la Sierra, Tucuman, Paraguay y BuenosAyres, á cuyo Vireynato pertenece desde su erección y su Gobierno al de la Real Audiencia erigida el año de 1 5 59 comprehendiendo todo el distrito referido las Provincias y Corregimientos siguientes: 
Tomina. 
Oruro.
Paría.
Porco.
Pilaya.
Carangas.
Tarija.
Cochabamba.
Cicasica.
Lipes.
Chayanta.
Atacama.
Amparaez.
en que se contienen 188 Pueblos y Curatos, en que había el año de 165 1 cerca de 1000 Indios: la Capital de toda la jurisdicción es la referida Ciudad de Chuquisaca ó la Plata.
PRESIDENTES QUE HA HABIDO 
En la Real Audiencia de Charcas.
1 El Licenciado Pedro Ramírez de Quiñones primer Presidente el año de 1559.
2 El Licenciado Juan de Matienzo, célebre Jurisconsulto año de 1580.
3 El Licenciado Zepeda, año de 1 
4 El Licenciado Alonso Maldonado de Torres, el año de 1606.; 
5 Don Juan de Lizarazu, Caballero del Orden de Santiago, pasó á la distrito ydistrito y Presidencia de Quito  el año de 161 2.
6 Don Diego de Portugal, el año de 1614.
7 Don Alonso Pérez de Salazar, era Presidente de Quito, y pasó promovido á ésta, gobernó hasta el año de 1620.
8 Don Juan de Caravajal y Sande, año de 1633. 9 Don Dionisio Pérez Manrique, Caballero del Orden de Santiago, Colegial en el Colegio de los Manriques de Alcalá, Rector de su Universidad, Oidor de Lima y Presidente de Quito, de donde pasó á serlo de esta Audiencia de Charcas el año de 1646, exerciéndola hasta 1654 que fué promovido á la de Santa Fe.
10 Don Pedro Vázquez de Velasco, hasta el año de 1661.
11 Don Bartolomé González de Poveda, año de 1678: fué hecho Arzobispo de esta Santa Iglesia de Charcas, conservando la Presidencia hasta 1688.
12 Don Diego Mesía, natural de Lima, Oidor de su Real Audiencia, y antes de la de Quito, promovido á Presidente de Charcas el año de 1688;.
13 Don Jorge Manrique de Lara, fué Oidor de Panamá luego de Charcas, y Presidente en 
14 Don Gabriel Antonio Matienzo, año de 1723.
15 Don Francisco de Herboso, año de 1725 hasta 1732.
16 Don Agustín de Jáuregui, Caballero del Orden de Santiago, natural de Lima, 
17 Don Juan Francisco Pestaña, primer Ayudante mayor del Regimiento de Guardias Españolas, nombrado el año de 1752 hasta el de 1769.
18 Don Ambrosio de Benavides, entró el referido año hasta el de 1777.
19 Don Agustín de Pinedo, sucedió al anterior y gobernó hasta el año de 1782.
20 Don Ignacio de Flores, natural de Quito, que había servido de Capitán de Caballos en el Regimiento de Voluntarios de Aragón, y estaba de Gobernador do la Provincia de Moxos, graduado de Coronel, fué nombrado Presidente en premio de lo que habia trabajado en la pacificación de los Indios del Perú y socorro de la Ciudad de la Paz, que tenían sitiada los rebeldes, gobernó hasta el año de 1786 que fué separado del empleo.
 CHECACUPI.
Línea 5 dice Guispicanchi, ha de decir Quispicanchu 
 CHEPILLO.
Linea 2 dice del mar, repetido, 

 CHEPO.
If 2 COI 2,la 24 des P ues de C paurí faltan afo 
 CHIAPA Fol. 487, col. 2 32 dice Emperador anade Cárlos V.
FoL 49o en la serie de los Obispos dice Don Fray Tomas Blanes etc. presentado, ha de decir fue presentado.
Fol. 491 dice Don Fray Domingo de Villaexcusa, ha de decir de Villaescusa  CHICHAS, 
Los Pueblos de esta Provincia son: 
Santiago de Cotagaita.
San Antonio de Rio Blanco.
Cotagaitilla.
Tocia.
Chacnacocha.
Escara.
Chequelti
Colnaca.
Calcclia.
Tomóla.
Tumála.
Estarca.
Tupisa.
Oploca.
Tatasi.
Ingenio del Oro.
Nueva Chocaya.
Talina.
Verque.
Chacapa.
Choroma.
Libilibi.
Moraya.
Moxo.
Tojo.
Sococha.
Remedios.
Chisloca.
Suipacha.
 Y en el Partido de Tarija: 
Tarija la Vieja.
San Bernardo de Tarija. 
La Concepción.
Bermeo.
Fol. 519 en la serie de los Gobernadores dice Don Francisco Xavier de Moreles etc. Capitán del de Granaderos, ha de decir Captan de Granaderos 

 CHIMBORAZO.
Línea 17 dice pirame, ha de decir pirámide. Línea 26 dice dan indicio, ha de decir da indicio.
 CHIPATA.
Línea 6 dice excaso, ha de decir escaso.
 CHOLULA.
Fol. 550 en los Pueblos de esta Provincia col. 2 lín. 1 dice Haltenango, ha de decir Tlantenango.
 CHOROS.
Línea 5 dice excasísimo, ha de decir escasísimo. 

 CHORILLOS, ha de decir CHORRILLOS.
 CHUCUITO. Fol. 561 col. 1 lín. 4 dice NO SE, lia de decir 
NO. SJS. Id. col. 2 lín. 8 dice Hunos, ha de decir Uros.
 CHUMBIUILCAS.
Línea 3 dice con el N, ha de decir por el N. 
 Fol. 572, en el Catálogo de los Obispos, dice: Don Alonso Ramírez, natural de Villa excusa, ha, da decir Villaescusa. 
 Fol. 574, Don Fray Gaspar de Villaróel, dice natural de Quito, ha de decir de Riobamba. 
 Fol 575, Don Francisco Luis Romero, dice del Obispado de Quito, el año de 4725, ha de decir pasó del Obispado de Quito el año de 1725. 
 Fol. 576 col. 1. lín. 27 dice fanigoso, ha de decir fangoso. 
 Fol. 588 col. 1 lín. 10 dice formando, ha de decir formado. CLARENDON. Línea 16 dice capaz, ha de decir capaz. "
id_05327,CLCS,,"
 CLCS, ha de decir CLOS. "
id_05328,COACHIC,,"
 COACHIC. 
Línea 1 dice Pueblos, ha de decir Pueblo. "
id_05329,COAGUILA,,"
 COAGUILA. Línea 24 dice de Santo Domingo, ha de decir, y de Santo Domingo. "
id_05330,COAHUITLAN,,"
 COAHUITLAN. Línea 4, añade de Nueva España. "
id_05331,COARI,,"
 COARI. Línea 8 dice nace, nace, bórrese uno. "
id_05332,F,,"
 Fol. 593 col. 1 lín. 18, después de Santa María, coma. "
id_05333,,,"
Fol. 595, en el Catálogo de los Pueblos dice Huehuetoca, ha de decir Huehuetoca. "
id_05334,COLLAUAS,,"
 COLLAUAS, ha de decir COLLAHUAS. 
Fol. 615 col. 1 lín. 17 dice excajos, ha de decir escasos. "
id_05335,COLLETON,,"
 COLLETON. 
Fol. 6 1 7 col. 1 lín. 9 dice Freeholder, ha de decir Freeholders. "
id_05336,I,,"
 Id. lín. 14 dice Gobernador, ha de decir Gobierno. "
id_05337,COLONIAS,,"
 COLONIAS. 
Línea 11 dice Casena, ha de decir Cayena. "
id_05338,COMPOSTELA,,"
 COMPOSTELA. 
Los Pueblos de esta jurisdicción son: 
Matanche. 
Calimaya.
Mazatlán. 
San Pedro. 
Sapotan. 
Xaltocan. "
id_05339,,,"
CONDESUIOS.
Fol. 641 col. 2 línea 35 dice Chaquibamba, ha de decir Chuquibamba."
id_05340,CONNECTICUT,,"
 CONNECTICUT. Col. 2 lín. 17 dice desbataciones, ha de decir desbasturiones, "
id_05341,CORAZON,,"
 CORAZON. Lín. 11 dice Chiquinquira, ha de decir Chiquinquira.
"
id_05342,F,,"
CORDOUA. Fol. 658 col. 1 lín. 19 dice de Nuestra Señora, ha de decir a Nuestra Señora. Fol. 688, en la serie de los Obispos de Santa Cruz de de la Sierra dice Don Pedro de Cárdenas y Arbietol, ha de decir Arbieto. Id. Don Fernando Pérez de Oblitas, natural de Lima, ha de decir de Arequipa."
id_05343,,3000005,"
CUBA.
Después de este artículo se ha de añadir: 
Tiene el mismo nombre con la advocación de Santiago una Ciudad Capital de la Isla antecedente, fundada por Diego Velazquez el año de 1 5 1 1, con un buen Puerto, defendido por un Castillo llamado el Morro como el de la Habana: es Cabeza de Obispado, sufragáneo del Arzobispado de Santo Domingo, erigido, el año de 1 5 18: tiene un Convento de Religiosos del Orden de Santo Domingo, y otro de San Francisco; fué al principio populosa y rica, y llegó á tener 20 vecinos; pero después que se estableció el comercio en la de la Habana por la excelencia de su Pnerto, y que fixáron su residencia en ésta el Capitán General y el Obispo, aunque no le han quitado el título de Capital, ha ido en decadencia, reduciéndose á población pequeña, solo habitada de los que tienen sus haciendas en aquel distrito, que forma otro Gobierno subordinado al de la Habana: está en 299 gr. 10 min. de long. y en 20 erad. 8 min, de lat. "
id_05344,CUENCA,,"
 CUENCA.
2 lín. 37 dice conaica, hade decir Conaica. 
"
id_05345,CUGUI,,"
 CUGUI
Lín. 5 dice de Tolten, ha de decir de Tolten. "
id_05346,CUIABA,,"
 CUIABA. Lín. 3 dice Matagroso, ha de decir Matogroso.
"
id_05347,CAL,,"
 CAL DE SAC, ha de decir CUL DE SAC. Id. col. 2 lín. 14 dice y el otro, ha de decir el otro, "
id_05348,CUMA,,"
 CUMA. Lín. 3 dice Marañón, ha de decir Marañón, 
"
id_05349,,,"
CUMANA.
Fol. 722 col. 1 lín 7 dice del Cariaco, ha de decir de Cariaco 
Faltan los Pueblos de esta Provincia, que son las Ciudades de 
San Felipe de Austria
San Baltasar de los Arias 
Rio Caribes.
Cumpa. 
Araya.
Los de Misiones.
Cocuisas
Chacaracuan. 
Santa María de los Angeles.
San Feliz.
San Francisco. 
San Lorenzo. 
San Antonio.
 Los de Doctrinas. 
Cacuar.
Guayuta. 
Caicara
Punceres.
Amacuro. 
Yaguara.
Soro.
Unare. 
Teresén.
Irapa.
Guanaguana. 
Tipirin.
Caripe.
Paro.
"
id_05350,CUMBERLAND,,"
 CUMBERLAND.Col. 2 lín. 15 dice que no hacen, ha de decir que no hace. 
"
id_05351,,,"
CUZCO
Fol. 745 col. 1 lín. 38 dice primorosas, ha de decir primeras. En la serie de Obispos, fol. 751, Don Juan de la Nava, etc. dice después es electo, ha de decir después de electo 
"
id_05352,LA,,"
DE LA LISTA 
DE SUSCRIPTORES 
A ESTE DICCIONARIO.
Don Antonio de Sandia, Mercader de libros en esta 
Corte, por dos exemplares de toda la obra. Don Francisco de Soria y Soria. 
Don Lorenzo Buxeda. 
Don Roque Izquierdo. 
Don Joseph Campana. 
El R. P. M. Don Agustin Vázquez, General de San Bernardo, y Abad de su Monasterio de Poblet en Cataluña. 
Don Nicolás Ballester y Flotats, por toda Ja obra. 
Don Mariano Rivas, vecino de Barcelona. 
Don Miguel Grijalva Guzman, Arcediano de Sepülveda, Canónigo de la Santa Iglesia de Segovia. 
Don Salvador Texerino y Texada, Presbítero de Salamanca, por toda la obra. 
Don Diego Álvarez de la Fuente, vecino de Málaga. 
El Excmo. Señor Don Manuel de Florez, Teniente General de la Real Armada, y Virey de Nueva España, por toda la obra. 
Don Juan Francisco Ibañez de la Rentería, por toda la obra. 
Don Tadeo de Arguedas, por toda la obra. 
Don Mariano Cerda, por toda la obra. 
Don Cándido María Trigueros. 
El Excmo. Sr. Marques de la Lapilla. 
Don Mateo Alfonso de Prado, Abogado en esta Corte. 
El Excmo. Sr. Daque de Vauguyon, Embaxador de la Corte de Francia á la de Madrid, por toda la obra. 
El Excmo. Sr. Duque de Uceda, Sumiller del Serenísimo Sr. Príncipe de Asturias, por toda la obra. 
Don Francisco Joseph ViHodres, Canónigo de la Santa Iglesia Catedral de Córdoba. 
Don Joaquín Juan de Florez. 
Don Alfonso de Cortes. 
El Coronel Don Alfonso Tabares, vecino de la Villa de la Solana en la Mancha. 
El R. P. M. Fr. Adriano de Huerta, de la Religión de San Bernardo, Abad del Monasterio de Osera, por toda la obra. 
El Marques de Mos, Coronel de Milicias de Betanzos, por toda la obra. 
Don Antonio Borras, del comercio de Reus en Cataluña. 
Don Joaquín Sotomayor y Cisneros, por dos exemplares de toda la obra. 
Don Miguel Arnaud de Courbille, Comisario de Guerra. 
Don Tomas Martínez de Aguilera, Racionero de la Santa Iglesia de Sigüenza, por toda la obra. 
Don Alonso Ceferino Borbon. 
Don Antonio Iglesias, Mercader de libros en Cádiz, por quatro exemplares de toda la obra. 
Don Juan Manuel Mascareñas, vecino de la Villa de Berin en Galicia. 
Don Miguel de Larrea. 
Don Bartolomé de Siles por toda la obra. 
Don Juan Antonio Ximenes de Aguilera, por toda la obra., 
El R. P. Fr. Joseph Mancebo, del Orden de San Agustín, por toda la obra. 
Don Francisco de Paula Cabeda Solares, por toda la obra. 
La Botica Real de S. M. 
El Excmo. Sr. Duque de Almodóvar, Mayordomo mayor de la Sra. Infanta Doña María Ana Victoria, por toda la obra.
El Teniente Coronel Don Francisco Mayorga, de la Orden de Alcántara, segundo Teniente del Regimiento de Guardias Españolas, por toda la obra. 
Don Joseph Galán. 
Don Joseph Sanroman, por toda la obra. 
Don Joseph Badán, por toda la obra. 
Don Jacinto Lorenzana, vecino de León, por toda la obra. 
Don Dionisio Saenz Galinsoga, Presbítero, por toda la obra. 
Don Joseph Espriella, por toda la obra. 
Don Isidro de Antayo, segundo Ayudante mayor de Guardias Españolas. 
Don Andrés de Zabala y Aragón, por toda la obra. 
El Marques de Rivas, residente en Sevilla, por toda U obra. 
Don Domingo Antonio de Urruchi, por toda la obra, 
Don Antonio Gimbernat, Cirujano de Cámara de S. M. 
El Doctor Don Pedro de la Torre Herrera, Presbítero, Canónigo de Alcalá de Henares, por toda la obra. 
Don Pedro Pérez de Castro, del Colegio de Abogados de esta Corte, por toda la obra. 
Don Joaquín Espalter y Roix, residente en Barcelona, por toda lo obra. ( 
Don Juan Vicente Canét y Longás, vecino de Valencia por toda la obra. 
Don Miguel Olloniego, Presbítero, por toda la obra. 
Don Miguer de Hermosilla, Ingeniero Ordinario de los Reales Exércitos por toda la obra. 
Don Francisco Joseph Bernal, Contador de Exército en el Puerto de la Guayra, por toda la obra. 
El R. P. Prior de San Juan de Dios de Madrid, por toda la obra. 
El M. R. P. Fr. Joaquín Herrezuelo, Predicador en San Martin de Santiago, por toda la obra. 
Don Manuel de Arredondo, Regente de la Real Audiencia de Buenos-Ayres, por toda la obra. 
Don Joseph Ignacio del ruinar, vecino de la Ciudad de Barinas en América, por toda la obra. 
Don Vicente Navarro, Presbítero, Canónigo de Huesca, por toda la obra. 
Don Andrés de Quevedo, segundo Teniente de Granaderos del Regimiento de Guardias Españolas. 
Don Joseph Rubio, segundo Teniente del Regimiento de Guardias Españolas, por dos exemplares. 
Don Antonio Pasqual y García de Almunia, Regidor perpetuo en la clase de Nobles de la Ciudad de Valencia, por toda la obra. 
Don Manuel Joseph Marin. 
Don Justo Pastor de Asteguieta y Sarralde, residente en México. 
Don Silvestre Diaz de la Vega, Contador de la Renta Real de Tabaco en México. 
El Doctor Don Manuel de Florez, Secretario del lllmo. Sr. Arzobispo de México, por toda la obra. 
Don Felipe Alberi, Mercader de libros en esta Corte, por la República de Venecia, á toda la obra. 
El Doctor Don Estevan Gutiérrez, por toda la obra. 
Don Pedro Joseph de Lemus, vecino de México, por toda la obra. 
Don Tomas de Berganza, por toda la obra. 
Don Joseph de Aguilar. 
El Excmo. Sr. Duque de Alburquerque, Marques de la Mina, Gentil-Hombre de Cámara de S. M., Mariscal de Campo de los Reales Exércitos, por toda la obra. 
El R. P. Fr. Juan Fiayo, del Orden de San Francisco, Predicador General en su Convento de Cartagena de Indias, por toda la obra. 
Don Pedro Tomas de Vülanueva, residente en Cartagena de Indias, por toda la obra. 
Don Antonio Bergosa y Jordán, Inquisidor de México, por toda la obra. 
Don Isidro Limonta, Coronel de Infantería, Teniente de Rey de la Plaza de Cuba, por toda la obra. 
Don Joseph Martin de Garmendia, vecino de ViHafranca de Guipúzcoa, por toda la obra. 
Don Gabriel Manuel Espinosa de los Monteros, residente en Barcelona, por toda la obra, Don Francisco Arias Velasco, Regidor perpetuo de la 
Ciudad de Oviedo, por toda Ja obra. Don Manuel Maleo, del Coiwejo de S. M. en el Real de Hacienda, por toda la obra. 
 "
